{
  "baseline": {
    "N=16": {
      "run_id": "44ee42c6d355bd6c",
      "seeds": [
        0,
        1,
        2,
        3,
        4
      ],
      "gaps": [
        0.016818837097549257,
        0.04671201814058957,
        0.10349784379492094,
        0.0671334431630972,
        0.08021877848678213
      ],
      "accs_mlp": [
        0.508056640625,
        0.538330078125,
        0.509521484375,
        0.5927734375,
        0.53564453125
      ],
      "accs_lif": [
        0.5166015625,
        0.5634765625,
        0.562255859375,
        0.632568359375,
        0.57861328125
      ],
      "mean_gap": 0.06287618413658783,
      "median_gap": 0.0671334431630972,
      "p25_gap": 0.04671201814058957,
      "p75_gap": 0.08021877848678213,
      "max_gap": 0.10349784379492094,
      "mean_acc_mlp": 0.536865234375,
      "mean_acc_lif": 0.570703125
    },
    "N=32": {
      "seeds": [
        0,
        1,
        2,
        3,
        4
      ],
      "gaps": [
        0.015541525012141816,
        0.0466263169692894,
        0.04746912085250666,
        0.02387813915191437,
        0.01637076320036892
      ],
      "accs_mlp": [
        0.502685546875,
        0.5445556640625,
        0.5040283203125,
        0.593017578125,
        0.5294189453125
      ],
      "accs_lif": [
        0.510498046875,
        0.5699462890625,
        0.5279541015625,
        0.607177734375,
        0.5380859375
      ],
      "mean_gap": 0.02997717303724423,
      "median_gap": 0.02387813915191437,
      "p25_gap": 0.01637076320036892,
      "p75_gap": 0.0466263169692894,
      "max_gap": 0.04746912085250666,
      "mean_acc_mlp": 0.5347412109375,
      "mean_acc_lif": 0.550732421875
    },
    "N=64": {
      "seeds": [
        0,
        1,
        2,
        3,
        4
      ],
      "gaps": [
        0.010324304627717721,
        0.033131535498073746,
        0.017036592681463708,
        0.037083333333333336,
        0.027254649666627676
      ],
      "accs_mlp": [
        0.50250244140625,
        0.55450439453125,
        0.50872802734375,
        0.5859375,
        0.52178955078125
      ],
      "accs_lif": [
        0.5076904296875,
        0.5728759765625,
        0.51739501953125,
        0.607666015625,
        0.5360107421875
      ],
      "mean_gap": 0.02496608316144324,
      "median_gap": 0.027254649666627676,
      "p25_gap": 0.017036592681463708,
      "p75_gap": 0.033131535498073746,
      "max_gap": 0.037083333333333336,
      "mean_acc_mlp": 0.5346923828125,
      "mean_acc_lif": 0.54832763671875
    }
  },
  "control": {
    "N=16": {
      "run_id": "44ee42c6d355bd6c",
      "seeds": [
        0,
        1,
        2,
        3,
        4
      ],
      "gaps": [
        0.016818837097549257,
        0.04671201814058957,
        0.10349784379492094,
        0.0671334431630972,
        0.08021877848678213
      ],
      "accs_mlp": [
        0.508056640625,
        0.538330078125,
        0.509521484375,
        0.5927734375,
        0.53564453125
      ],
      "accs_lif": [
        0.5166015625,
        0.5634765625,
        0.562255859375,
        0.632568359375,
        0.57861328125
      ],
      "mean_gap": 0.06287618413658783,
      "median_gap": 0.0671334431630972,
      "p25_gap": 0.04671201814058957,
      "p75_gap": 0.08021877848678213,
      "max_gap": 0.10349784379492094,
      "mean_acc_mlp": 0.536865234375,
      "mean_acc_lif": 0.570703125
    },
    "N=32": {
      "seeds": [
        0,
        1,
        2,
        3,
        4
      ],
      "gaps": [
        0.015541525012141816,
        0.0466263169692894,
        0.04746912085250666,
        0.02387813915191437,
        0.01637076320036892
      ],
      "accs_mlp": [
        0.502685546875,
        0.5445556640625,
        0.5040283203125,
        0.593017578125,
        0.5294189453125
      ],
      "accs_lif": [
        0.510498046875,
        0.5699462890625,
        0.5279541015625,
        0.607177734375,
        0.5380859375
      ],
      "mean_gap": 0.02997717303724423,
      "median_gap": 0.02387813915191437,
      "p25_gap": 0.01637076320036892,
      "p75_gap": 0.0466263169692894,
      "max_gap": 0.04746912085250666,
      "mean_acc_mlp": 0.5347412109375,
      "mean_acc_lif": 0.550732421875
    },
    "N=64": {
      "seeds": [
        0,
        1,
        2,
        3,
        4
      ],
      "gaps": [
        0.010324304627717721,
        0.033131535498073746,
        0.017036592681463708,
        0.037083333333333336,
        0.027254649666627676
      ],
      "accs_mlp": [
        0.50250244140625,
        0.55450439453125,
        0.50872802734375,
        0.5859375,
        0.52178955078125
      ],
      "accs_lif": [
        0.5076904296875,
        0.5728759765625,
        0.51739501953125,
        0.607666015625,
        0.5360107421875
      ],
      "mean_gap": 0.02496608316144324,
      "median_gap": 0.027254649666627676,
      "p25_gap": 0.017036592681463708,
      "p75_gap": 0.033131535498073746,
      "max_gap": 0.037083333333333336,
      "mean_acc_mlp": 0.5346923828125,
      "mean_acc_lif": 0.54832763671875
    }
  },
  "delta": [
    {
      "N": "N=16",
      "median_gap_strict": 0.0671334431630972,
      "median_gap_open": 0.0671334431630972,
      "delta_median_gap": 0.0,
      "mean_acc_mlp_strict": 0.536865234375,
      "mean_acc_mlp_open": 0.536865234375,
      "delta_mean_acc_mlp": 0.0,
      "mean_acc_lif_strict": 0.570703125,
      "mean_acc_lif_open": 0.570703125,
      "delta_mean_acc_lif": 0.0
    },
    {
      "N": "N=32",
      "median_gap_strict": 0.02387813915191437,
      "median_gap_open": 0.02387813915191437,
      "delta_median_gap": 0.0,
      "mean_acc_mlp_strict": 0.5347412109375,
      "mean_acc_mlp_open": 0.5347412109375,
      "delta_mean_acc_mlp": 0.0,
      "mean_acc_lif_strict": 0.550732421875,
      "mean_acc_lif_open": 0.550732421875,
      "delta_mean_acc_lif": 0.0
    },
    {
      "N": "N=64",
      "median_gap_strict": 0.027254649666627676,
      "median_gap_open": 0.027254649666627676,
      "delta_median_gap": 0.0,
      "mean_acc_mlp_strict": 0.5346923828125,
      "mean_acc_mlp_open": 0.5346923828125,
      "delta_mean_acc_mlp": 0.0,
      "mean_acc_lif_strict": 0.54832763671875,
      "mean_acc_lif_open": 0.54832763671875,
      "delta_mean_acc_lif": 0.0
    }
  ]
}