{
  "per_seed": [
    {
      "seed": 0,
      "plugin": 0.7699047041785758,
      "mm": 0.7730556457220066,
      "ksg_nats": 2.2998249392491346,
      "mine_nats": 3.9224341821670534,
      "h_a": 1.2372922264175197,
      "null_z": 678.7528546024843,
      "ci95_low": 0.7455985076211896,
      "ci95_high": 0.8005743912381657
    },
    {
      "seed": 1,
      "plugin": 0.7142674037709753,
      "mm": 0.7173029407489275,
      "ksg_nats": 2.0723056283217662,
      "mine_nats": 4.540374138355255,
      "h_a": 1.2843314068975453,
      "null_z": 677.9616963553328,
      "ci95_low": 0.6874953479607621,
      "ci95_high": 0.7449828827998756
    },
    {
      "seed": 2,
      "plugin": 0.6844016522765262,
      "mm": 0.687498943358471,
      "ksg_nats": 1.9020123852711146,
      "mine_nats": 3.875895538330078,
      "h_a": 1.2587242769364957,
      "null_z": 607.8700780128124,
      "ci95_low": 0.6562000297914283,
      "ci95_high": 0.7151641070681926
    }
  ],
  "summary": {
    "plugin": 0.722857920075359,
    "mm": 0.7259525099431351,
    "ksg_nats": 2.0913809842806717,
    "mine_nats": 4.112901286284129
  }
}