{
  "config": {
    "n_eval": 1024,
    "ks": [
      5,
      10,
      20,
      50
    ],
    "steps": 800,
    "seeds": [
      0,
      1,
      2
    ],
    "d": 16
  },
  "per_seed": {
    "0": {
      "5": {
        "self_mlp": 1.0,
        "self_lif": 1.0,
        "random": 0.003515625139698386,
        "mlp_lif": 0.11308594793081284,
        "chance": 0.0048828125
      },
      "10": {
        "self_mlp": 1.0,
        "self_lif": 1.0,
        "random": 0.009765625,
        "mlp_lif": 0.17431640625,
        "chance": 0.009765625
      },
      "20": {
        "self_mlp": 1.0,
        "self_lif": 1.0,
        "random": 0.020263671875,
        "mlp_lif": 0.256103515625,
        "chance": 0.01953125
      },
      "50": {
        "self_mlp": 1.0,
        "self_lif": 1.0,
        "random": 0.05013671889901161,
        "mlp_lif": 0.4389258027076721,
        "chance": 0.048828125
      }
    },
    "1": {
      "5": {
        "self_mlp": 1.0,
        "self_lif": 1.0,
        "random": 0.0042968750931322575,
        "mlp_lif": 0.1083984375,
        "chance": 0.0048828125
      },
      "10": {
        "self_mlp": 1.0,
        "self_lif": 1.0,
        "random": 0.00927734375,
        "mlp_lif": 0.17041015625,
        "chance": 0.009765625
      },
      "20": {
        "self_mlp": 1.0,
        "self_lif": 1.0,
        "random": 0.01977539248764515,
        "mlp_lif": 0.25629884004592896,
        "chance": 0.01953125
      },
      "50": {
        "self_mlp": 1.0,
        "self_lif": 1.0,
        "random": 0.04789062589406967,
        "mlp_lif": 0.4431054890155792,
        "chance": 0.048828125
      }
    },
    "2": {
      "5": {
        "self_mlp": 1.0,
        "self_lif": 1.0,
        "random": 0.004687500186264515,
        "mlp_lif": 0.13359376788139343,
        "chance": 0.0048828125
      },
      "10": {
        "self_mlp": 1.0,
        "self_lif": 1.0,
        "random": 0.00898437574505806,
        "mlp_lif": 0.20341797173023224,
        "chance": 0.009765625
      },
      "20": {
        "self_mlp": 1.0,
        "self_lif": 1.0,
        "random": 0.01870117336511612,
        "mlp_lif": 0.29345703125,
        "chance": 0.01953125
      },
      "50": {
        "self_mlp": 1.0,
        "self_lif": 1.0,
        "random": 0.04703124985098839,
        "mlp_lif": 0.4693359136581421,
        "chance": 0.048828125
      }
    }
  },
  "aggregated": {
    "5": {
      "mlp_lif_median": 0.11308594793081284,
      "mlp_lif_p25": 0.11074219271540642,
      "mlp_lif_p75": 0.12333985790610313,
      "mlp_lif_values": [
        0.11308594793081284,
        0.1083984375,
        0.13359376788139343
      ],
      "random_median": 0.0042968750931322575,
      "random_values": [
        0.003515625139698386,
        0.0042968750931322575,
        0.004687500186264515
      ],
      "chance": 0.0048828125
    },
    "10": {
      "mlp_lif_median": 0.17431640625,
      "mlp_lif_p25": 0.17236328125,
      "mlp_lif_p75": 0.18886718899011612,
      "mlp_lif_values": [
        0.17431640625,
        0.17041015625,
        0.20341797173023224
      ],
      "random_median": 0.00927734375,
      "random_values": [
        0.009765625,
        0.00927734375,
        0.00898437574505806
      ],
      "chance": 0.009765625
    },
    "20": {
      "mlp_lif_median": 0.25629884004592896,
      "mlp_lif_p25": 0.2562011778354645,
      "mlp_lif_p75": 0.2748779356479645,
      "mlp_lif_values": [
        0.256103515625,
        0.25629884004592896,
        0.29345703125
      ],
      "random_median": 0.01977539248764515,
      "random_values": [
        0.020263671875,
        0.01977539248764515,
        0.01870117336511612
      ],
      "chance": 0.01953125
    },
    "50": {
      "mlp_lif_median": 0.4431054890155792,
      "mlp_lif_p25": 0.44101564586162567,
      "mlp_lif_p75": 0.45622070133686066,
      "mlp_lif_values": [
        0.4389258027076721,
        0.4431054890155792,
        0.4693359136581421
      ],
      "random_median": 0.04789062589406967,
      "random_values": [
        0.05013671889901161,
        0.04789062589406967,
        0.04703124985098839
      ],
      "chance": 0.048828125
    }
  }
}